<?xml version="1.0" encoding="UTF-8" ?>
<!DOCTYPE mapper PUBLIC "-//mybatis.org//DTD Mapper 3.0//EN" "http://mybatis.org/dtd/mybatis-3-mapper.dtd" >
<mapper namespace="com.library.dao.BookInfoMapper" >
  <resultMap id="BaseResultMap" type="com.library.po.BookInfo" >
    <!--
      WARNING - @mbggenerated
      This element is automatically generated by MyBatis Generator, do not modify.
      This element was generated on Sat Mar 02 16:41:46 GMT+08:00 2024.
    -->
    <id column="id" property="id" jdbcType="INTEGER" />
    <result column="name" property="name" jdbcType="VARCHAR" />
    <result column="author" property="author" jdbcType="VARCHAR" />
    <result column="publish" property="publish" jdbcType="VARCHAR" />
    <result column="ISBN" property="isbn" jdbcType="VARCHAR" />
    <result column="language" property="language" jdbcType="VARCHAR" />
    <result column="price" property="price" jdbcType="DOUBLE" />
    <result column="pub_date" property="pubDate" jdbcType="DATE" />
    <result column="type_id" property="typeId" jdbcType="INTEGER" />
    <result column="status" property="status" jdbcType="INTEGER" />
  </resultMap>
  <resultMap id="ResultMapWithBLOBs" type="com.library.po.BookInfo" extends="BaseResultMap" >
    <!--
      WARNING - @mbggenerated
      This element is automatically generated by MyBatis Generator, do not modify.
      This element was generated on Sat Mar 02 16:41:46 GMT+08:00 2024.
    -->
    <result column="introduction" property="introduction" jdbcType="LONGVARCHAR" />
  </resultMap>
  <sql id="Base_Column_List" >
    <!--
      WARNING - @mbggenerated
      This element is automatically generated by MyBatis Generator, do not modify.
      This element was generated on Sat Mar 02 16:41:46 GMT+08:00 2024.
    -->
    id, name, author, publish, ISBN, language, price, pub_date, type_id, status
  </sql>
  <sql id="Blob_Column_List" >
    <!--
      WARNING - @mbggenerated
      This element is automatically generated by MyBatis Generator, do not modify.
      This element was generated on Sat Mar 02 16:41:46 GMT+08:00 2024.
    -->
    introduction
  </sql>
  <select id="selectByPrimaryKey" resultMap="ResultMapWithBLOBs" parameterType="java.lang.Integer" >
    <!--
      WARNING - @mbggenerated
      This element is automatically generated by MyBatis Generator, do not modify.
      This element was generated on Sat Mar 02 16:41:46 GMT+08:00 2024.
    -->
    select 
    <include refid="Base_Column_List" />
    ,
    <include refid="Blob_Column_List" />
    from book_info
    where id = #{id,jdbcType=INTEGER}
  </select>
  <delete id="deleteByPrimaryKey" parameterType="java.lang.Integer" >
    <!--
      WARNING - @mbggenerated
      This element is automatically generated by MyBatis Generator, do not modify.
      This element was generated on Sat Mar 02 16:41:46 GMT+08:00 2024.
    -->
    delete from book_info
    where id = #{id,jdbcType=INTEGER}
  </delete>
  <insert id="insert" parameterType="com.library.po.BookInfo" >
    <!--
      WARNING - @mbggenerated
      This element is automatically generated by MyBatis Generator, do not modify.
      This element was generated on Sat Mar 02 16:41:46 GMT+08:00 2024.
    -->
    insert into book_info (id, name, author, 
      publish, ISBN, language, 
      price, pub_date, type_id, 
      status, introduction)
    values (#{id,jdbcType=INTEGER}, #{name,jdbcType=VARCHAR}, #{author,jdbcType=VARCHAR}, 
      #{publish,jdbcType=VARCHAR}, #{isbn,jdbcType=VARCHAR}, #{language,jdbcType=VARCHAR}, 
      #{price,jdbcType=DOUBLE}, #{pubDate,jdbcType=DATE}, #{typeId,jdbcType=INTEGER}, 
      #{status,jdbcType=INTEGER}, #{introduction,jdbcType=LONGVARCHAR})
  </insert>
  <insert id="insertSelective" parameterType="com.library.po.BookInfo" >
    <!--
      WARNING - @mbggenerated
      This element is automatically generated by MyBatis Generator, do not modify.
      This element was generated on Sat Mar 02 16:41:46 GMT+08:00 2024.
    -->
    insert into book_info
    <trim prefix="(" suffix=")" suffixOverrides="," >
      <if test="id != null" >
        id,
      </if>
      <if test="name != null" >
        name,
      </if>
      <if test="author != null" >
        author,
      </if>
      <if test="publish != null" >
        publish,
      </if>
      <if test="isbn != null" >
        ISBN,
      </if>
      <if test="language != null" >
        language,
      </if>
      <if test="price != null" >
        price,
      </if>
      <if test="pubDate != null" >
        pub_date,
      </if>
      <if test="typeId != null" >
        type_id,
      </if>
      <if test="status != null" >
        status,
      </if>
      <if test="introduction != null" >
        introduction,
      </if>
    </trim>
    <trim prefix="values (" suffix=")" suffixOverrides="," >
      <if test="id != null" >
        #{id,jdbcType=INTEGER},
      </if>
      <if test="name != null" >
        #{name,jdbcType=VARCHAR},
      </if>
      <if test="author != null" >
        #{author,jdbcType=VARCHAR},
      </if>
      <if test="publish != null" >
        #{publish,jdbcType=VARCHAR},
      </if>
      <if test="isbn != null" >
        #{isbn,jdbcType=VARCHAR},
      </if>
      <if test="language != null" >
        #{language,jdbcType=VARCHAR},
      </if>
      <if test="price != null" >
        #{price,jdbcType=DOUBLE},
      </if>
      <if test="pubDate != null" >
        #{pubDate,jdbcType=DATE},
      </if>
      <if test="typeId != null" >
        #{typeId,jdbcType=INTEGER},
      </if>
      <if test="status != null" >
        #{status,jdbcType=INTEGER},
      </if>
      <if test="introduction != null" >
        #{introduction,jdbcType=LONGVARCHAR},
      </if>
    </trim>
  </insert>
  <update id="updateByPrimaryKeySelective" parameterType="com.library.po.BookInfo" >
    <!--
      WARNING - @mbggenerated
      This element is automatically generated by MyBatis Generator, do not modify.
      This element was generated on Sat Mar 02 16:41:46 GMT+08:00 2024.
    -->
    update book_info
    <set >
      <if test="name != null" >
        name = #{name,jdbcType=VARCHAR},
      </if>
      <if test="author != null" >
        author = #{author,jdbcType=VARCHAR},
      </if>
      <if test="publish != null" >
        publish = #{publish,jdbcType=VARCHAR},
      </if>
      <if test="isbn != null" >
        ISBN = #{isbn,jdbcType=VARCHAR},
      </if>
      <if test="language != null" >
        language = #{language,jdbcType=VARCHAR},
      </if>
      <if test="price != null" >
        price = #{price,jdbcType=DOUBLE},
      </if>
      <if test="pubDate != null" >
        pub_date = #{pubDate,jdbcType=DATE},
      </if>
      <if test="typeId != null" >
        type_id = #{typeId,jdbcType=INTEGER},
      </if>
      <if test="status != null" >
        status = #{status,jdbcType=INTEGER},
      </if>
      <if test="introduction != null" >
        introduction = #{introduction,jdbcType=LONGVARCHAR},
      </if>
    </set>
    where id = #{id,jdbcType=INTEGER}
  </update>
  <update id="updateByPrimaryKeyWithBLOBs" parameterType="com.library.po.BookInfo" >
    <!--
      WARNING - @mbggenerated
      This element is automatically generated by MyBatis Generator, do not modify.
      This element was generated on Sat Mar 02 16:41:46 GMT+08:00 2024.
    -->
    update book_info
    set name = #{name,jdbcType=VARCHAR},
      author = #{author,jdbcType=VARCHAR},
      publish = #{publish,jdbcType=VARCHAR},
      ISBN = #{isbn,jdbcType=VARCHAR},
      language = #{language,jdbcType=VARCHAR},
      price = #{price,jdbcType=DOUBLE},
      pub_date = #{pubDate,jdbcType=DATE},
      type_id = #{typeId,jdbcType=INTEGER},
      status = #{status,jdbcType=INTEGER},
      introduction = #{introduction,jdbcType=LONGVARCHAR}
    where id = #{id,jdbcType=INTEGER}
  </update>
  <update id="updateByPrimaryKey" parameterType="com.library.po.BookInfo" >
    <!--
      WARNING - @mbggenerated
      This element is automatically generated by MyBatis Generator, do not modify.
      This element was generated on Sat Mar 02 16:41:46 GMT+08:00 2024.
    -->
    update book_info
    set name = #{name,jdbcType=VARCHAR},
      author = #{author,jdbcType=VARCHAR},
      publish = #{publish,jdbcType=VARCHAR},
      ISBN = #{isbn,jdbcType=VARCHAR},
      language = #{language,jdbcType=VARCHAR},
      price = #{price,jdbcType=DOUBLE},
      pub_date = #{pubDate,jdbcType=DATE},
      type_id = #{typeId,jdbcType=INTEGER},
      status = #{status,jdbcType=INTEGER}
    where id = #{id,jdbcType=INTEGER}
  </update>

  <!-- 设置查询出来的resultMap对象-->
  <resultMap id="queryBookAllMap" type="bookInfo" extends="BaseResultMap">
    <association property="classInfo" javaType="com.library.po.ClassInfo">
      <id column="id" property="id"></id>
      <result property="name" column="typename"></result>
    </association>
  </resultMap>

  <!-- 查询所有的图书信息-->
  <select id="queryBookInfoAll" parameterType="bookInfo" resultMap="queryBookAllMap">
    select book.* ,type.name as typename from book_info book ,class_info type where type.id=book.type_id
    <if test="name!=null">
      and book.name like '%${name}%'
    </if>
    <if test="isbn!=null">
      and book.isbn like '%${isbn}%'
    </if>
    <if test="typeId!=null">
      and type_id =#{typeId}
    </if>
  </select>

  <select id="getBookCountByType" resultType="com.library.po.BookInfo">
    SELECT
      count(type_id) AS counts,
      type. NAME
    FROM
      class_info type
        LEFT JOIN book_info book ON book.type_id = type.id
    GROUP BY
      type. NAME
  </select>
</mapper>