<?xml version="1.0" encoding="UTF-8" ?>
<!DOCTYPE mapper PUBLIC "-//mybatis.org//DTD Mapper 3.0//EN" "http://mybatis.org/dtd/mybatis-3-mapper.dtd" >
<mapper namespace="com.library.dao.LendListMapper" >
  <resultMap id="BaseResultMap" type="com.library.po.LendList" >
    <!--
      WARNING - @mbggenerated
      This element is automatically generated by MyBatis Generator, do not modify.
      This element was generated on Sat Mar 02 16:41:46 GMT+08:00 2024.
    -->
    <id column="id" property="id" jdbcType="INTEGER" />
    <result column="book_id" property="bookId" jdbcType="INTEGER" />
    <result column="reader_id" property="readerId" jdbcType="INTEGER" />
    <result column="lend_date" property="lendDate" jdbcType="TIMESTAMP" />
    <result column="back_date" property="backDate" jdbcType="TIMESTAMP" />
    <result column="type" property="type" jdbcType="INTEGER" />
    <result column="remarks" property="remarks" jdbcType="VARCHAR" />
  </resultMap>
  <sql id="Base_Column_List" >
    <!--
      WARNING - @mbggenerated
      This element is automatically generated by MyBatis Generator, do not modify.
      This element was generated on Sat Mar 02 16:41:46 GMT+08:00 2024.
    -->
    id, book_id, reader_id, lend_date, back_date, type, remarks
  </sql>
  <select id="selectByPrimaryKey" resultMap="BaseResultMap" parameterType="java.lang.Integer" >
    <!--
      WARNING - @mbggenerated
      This element is automatically generated by MyBatis Generator, do not modify.
      This element was generated on Sat Mar 02 16:41:46 GMT+08:00 2024.
    -->
    select 
    <include refid="Base_Column_List" />
    from lend_list
    where id = #{id,jdbcType=INTEGER}
  </select>
  <delete id="deleteByPrimaryKey" parameterType="java.lang.Integer" >
    <!--
      WARNING - @mbggenerated
      This element is automatically generated by MyBatis Generator, do not modify.
      This element was generated on Sat Mar 02 16:41:46 GMT+08:00 2024.
    -->
    delete from lend_list
    where id = #{id,jdbcType=INTEGER}
  </delete>
  <insert id="insert" parameterType="com.library.po.LendList" >
    <!--
      WARNING - @mbggenerated
      This element is automatically generated by MyBatis Generator, do not modify.
      This element was generated on Sat Mar 02 16:41:46 GMT+08:00 2024.
    -->
    insert into lend_list (id, book_id, reader_id, 
      lend_date, back_date, type, 
      remarks)
    values (#{id,jdbcType=INTEGER}, #{bookId,jdbcType=INTEGER}, #{readerId,jdbcType=INTEGER}, 
      #{lendDate,jdbcType=TIMESTAMP}, #{backDate,jdbcType=TIMESTAMP}, #{type,jdbcType=INTEGER}, 
      #{remarks,jdbcType=VARCHAR})
  </insert>
  <insert id="insertSelective" parameterType="com.library.po.LendList" >
    <!--
      WARNING - @mbggenerated
      This element is automatically generated by MyBatis Generator, do not modify.
      This element was generated on Sat Mar 02 16:41:46 GMT+08:00 2024.
    -->
    insert into lend_list
    <trim prefix="(" suffix=")" suffixOverrides="," >
      <if test="id != null" >
        id,
      </if>
      <if test="bookId != null" >
        book_id,
      </if>
      <if test="readerId != null" >
        reader_id,
      </if>
      <if test="lendDate != null" >
        lend_date,
      </if>
      <if test="backDate != null" >
        back_date,
      </if>
      <if test="type != null" >
        type,
      </if>
      <if test="remarks != null" >
        remarks,
      </if>
    </trim>
    <trim prefix="values (" suffix=")" suffixOverrides="," >
      <if test="id != null" >
        #{id,jdbcType=INTEGER},
      </if>
      <if test="bookId != null" >
        #{bookId,jdbcType=INTEGER},
      </if>
      <if test="readerId != null" >
        #{readerId,jdbcType=INTEGER},
      </if>
      <if test="lendDate != null" >
        #{lendDate,jdbcType=TIMESTAMP},
      </if>
      <if test="backDate != null" >
        #{backDate,jdbcType=TIMESTAMP},
      </if>
      <if test="type != null" >
        #{type,jdbcType=INTEGER},
      </if>
      <if test="remarks != null" >
        #{remarks,jdbcType=VARCHAR},
      </if>
    </trim>
  </insert>
  <update id="updateByPrimaryKeySelective" parameterType="com.library.po.LendList" >
    <!--
      WARNING - @mbggenerated
      This element is automatically generated by MyBatis Generator, do not modify.
      This element was generated on Sat Mar 02 16:41:46 GMT+08:00 2024.
    -->
    update lend_list
    <set >
      <if test="bookId != null" >
        book_id = #{bookId,jdbcType=INTEGER},
      </if>
      <if test="readerId != null" >
        reader_id = #{readerId,jdbcType=INTEGER},
      </if>
      <if test="lendDate != null" >
        lend_date = #{lendDate,jdbcType=TIMESTAMP},
      </if>
      <if test="backDate != null" >
        back_date = #{backDate,jdbcType=TIMESTAMP},
      </if>
      <if test="type != null" >
        type = #{type,jdbcType=INTEGER},
      </if>
      <if test="remarks != null" >
        remarks = #{remarks,jdbcType=VARCHAR},
      </if>
    </set>
    where id = #{id,jdbcType=INTEGER}
  </update>
  <update id="updateByPrimaryKey" parameterType="com.library.po.LendList" >
    <!--
      WARNING - @mbggenerated
      This element is automatically generated by MyBatis Generator, do not modify.
      This element was generated on Sat Mar 02 16:41:46 GMT+08:00 2024.
    -->
    update lend_list
    set book_id = #{bookId,jdbcType=INTEGER},
      reader_id = #{readerId,jdbcType=INTEGER},
      lend_date = #{lendDate,jdbcType=TIMESTAMP},
      back_date = #{backDate,jdbcType=TIMESTAMP},
      type = #{type,jdbcType=INTEGER},
      remarks = #{remarks,jdbcType=VARCHAR}
    where id = #{id,jdbcType=INTEGER}
  </update>
</mapper>