<?xml version="1.0" encoding="UTF-8" ?>
<!DOCTYPE mapper PUBLIC "-//mybatis.org//DTD Mapper 3.0//EN" "http://mybatis.org/dtd/mybatis-3-mapper.dtd" >
<mapper namespace="com.library.dao.NoticeMapper" >
  <resultMap id="BaseResultMap" type="com.library.po.Notice" >
    <!--
      WARNING - @mbggenerated
      This element is automatically generated by MyBatis Generator, do not modify.
      This element was generated on Sat Mar 02 16:41:46 GMT+08:00 2024.
    -->
    <id column="id" property="id" jdbcType="INTEGER" />
    <result column="create_date" property="createDate" jdbcType="DATE" />
    <result column="author" property="author" jdbcType="INTEGER" />
  </resultMap>
  <resultMap id="ResultMapWithBLOBs" type="com.library.po.Notice" extends="BaseResultMap" >
    <!--
      WARNING - @mbggenerated
      This element is automatically generated by MyBatis Generator, do not modify.
      This element was generated on Sat Mar 02 16:41:46 GMT+08:00 2024.
    -->
    <result column="content" property="content" jdbcType="LONGVARCHAR" />
  </resultMap>
  <sql id="Base_Column_List" >
    <!--
      WARNING - @mbggenerated
      This element is automatically generated by MyBatis Generator, do not modify.
      This element was generated on Sat Mar 02 16:41:46 GMT+08:00 2024.
    -->
    id, create_date, author
  </sql>
  <sql id="Blob_Column_List" >
    <!--
      WARNING - @mbggenerated
      This element is automatically generated by MyBatis Generator, do not modify.
      This element was generated on Sat Mar 02 16:41:46 GMT+08:00 2024.
    -->
    content
  </sql>
  <select id="selectByPrimaryKey" resultMap="ResultMapWithBLOBs" parameterType="java.lang.Integer" >
    <!--
      WARNING - @mbggenerated
      This element is automatically generated by MyBatis Generator, do not modify.
      This element was generated on Sat Mar 02 16:41:46 GMT+08:00 2024.
    -->
    select 
    <include refid="Base_Column_List" />
    ,
    <include refid="Blob_Column_List" />
    from notice
    where id = #{id,jdbcType=INTEGER}
  </select>
  <delete id="deleteByPrimaryKey" parameterType="java.lang.Integer" >
    <!--
      WARNING - @mbggenerated
      This element is automatically generated by MyBatis Generator, do not modify.
      This element was generated on Sat Mar 02 16:41:46 GMT+08:00 2024.
    -->
    delete from notice
    where id = #{id,jdbcType=INTEGER}
  </delete>
  <insert id="insert" parameterType="com.library.po.Notice" >
    <!--
      WARNING - @mbggenerated
      This element is automatically generated by MyBatis Generator, do not modify.
      This element was generated on Sat Mar 02 16:41:46 GMT+08:00 2024.
    -->
    insert into notice (id, create_date, author, 
      content)
    values (#{id,jdbcType=INTEGER}, #{createDate,jdbcType=DATE}, #{author,jdbcType=INTEGER}, 
      #{content,jdbcType=LONGVARCHAR})
  </insert>
  <insert id="insertSelective" parameterType="com.library.po.Notice" >
    <!--
      WARNING - @mbggenerated
      This element is automatically generated by MyBatis Generator, do not modify.
      This element was generated on Sat Mar 02 16:41:46 GMT+08:00 2024.
    -->
    insert into notice
    <trim prefix="(" suffix=")" suffixOverrides="," >
      <if test="id != null" >
        id,
      </if>
      <if test="createDate != null" >
        create_date,
      </if>
      <if test="author != null" >
        author,
      </if>
      <if test="content != null" >
        content,
      </if>
    </trim>
    <trim prefix="values (" suffix=")" suffixOverrides="," >
      <if test="id != null" >
        #{id,jdbcType=INTEGER},
      </if>
      <if test="createDate != null" >
        #{createDate,jdbcType=DATE},
      </if>
      <if test="author != null" >
        #{author,jdbcType=INTEGER},
      </if>
      <if test="content != null" >
        #{content,jdbcType=LONGVARCHAR},
      </if>
    </trim>
  </insert>
  <update id="updateByPrimaryKeySelective" parameterType="com.library.po.Notice" >
    <!--
      WARNING - @mbggenerated
      This element is automatically generated by MyBatis Generator, do not modify.
      This element was generated on Sat Mar 02 16:41:46 GMT+08:00 2024.
    -->
    update notice
    <set >
      <if test="createDate != null" >
        create_date = #{createDate,jdbcType=DATE},
      </if>
      <if test="author != null" >
        author = #{author,jdbcType=INTEGER},
      </if>
      <if test="content != null" >
        content = #{content,jdbcType=LONGVARCHAR},
      </if>
    </set>
    where id = #{id,jdbcType=INTEGER}
  </update>
  <update id="updateByPrimaryKeyWithBLOBs" parameterType="com.library.po.Notice" >
    <!--
      WARNING - @mbggenerated
      This element is automatically generated by MyBatis Generator, do not modify.
      This element was generated on Sat Mar 02 16:41:46 GMT+08:00 2024.
    -->
    update notice
    set create_date = #{createDate,jdbcType=DATE},
      author = #{author,jdbcType=INTEGER},
      content = #{content,jdbcType=LONGVARCHAR}
    where id = #{id,jdbcType=INTEGER}
  </update>
  <update id="updateByPrimaryKey" parameterType="com.library.po.Notice" >
    <!--
      WARNING - @mbggenerated
      This element is automatically generated by MyBatis Generator, do not modify.
      This element was generated on Sat Mar 02 16:41:46 GMT+08:00 2024.
    -->
    update notice
    set create_date = #{createDate,jdbcType=DATE},
      author = #{author,jdbcType=INTEGER}
    where id = #{id,jdbcType=INTEGER}
  </update>
</mapper>