<?xml version="1.0" encoding="UTF-8" ?>
<!DOCTYPE mapper PUBLIC "-//mybatis.org//DTD Mapper 3.0//EN" "http://mybatis.org/dtd/mybatis-3-mapper.dtd" >
<mapper namespace="com.library.dao.ReaderCardMapper" >
  <resultMap id="BaseResultMap" type="com.library.po.ReaderCard" >
    <!--
      WARNING - @mbggenerated
      This element is automatically generated by MyBatis Generator, do not modify.
      This element was generated on Sat Mar 02 16:41:46 GMT+08:00 2024.
    -->
    <id column="id" property="id" jdbcType="INTEGER" />
    <result column="username" property="username" jdbcType="VARCHAR" />
    <result column="password" property="password" jdbcType="VARCHAR" />
    <result column="number" property="number" jdbcType="INTEGER" />
    <result column="name" property="name" jdbcType="VARCHAR" />
    <result column="sex" property="sex" jdbcType="VARCHAR" />
    <result column="birthday" property="birthday" jdbcType="DATE" />
    <result column="address" property="address" jdbcType="VARCHAR" />
    <result column="tel" property="tel" jdbcType="VARCHAR" />
    <result column="email" property="email" jdbcType="VARCHAR" />
    <result column="creat_date" property="creatDate" jdbcType="TIMESTAMP" />
    <result column="cjr" property="cjr" jdbcType="INTEGER" />
    <result column="cardnumber" property="cardnumber" jdbcType="VARCHAR" />
  </resultMap>
  <sql id="Base_Column_List" >
    <!--
      WARNING - @mbggenerated
      This element is automatically generated by MyBatis Generator, do not modify.
      This element was generated on Sat Mar 02 16:41:46 GMT+08:00 2024.
    -->
    id, username, password, number, name, sex, birthday, address, tel, email, creat_date, 
    cjr, cardnumber
  </sql>
  <select id="selectByPrimaryKey" resultMap="BaseResultMap" parameterType="java.lang.Integer" >
    <!--
      WARNING - @mbggenerated
      This element is automatically generated by MyBatis Generator, do not modify.
      This element was generated on Sat Mar 02 16:41:46 GMT+08:00 2024.
    -->
    select 
    <include refid="Base_Column_List" />
    from reader_card
    where id = #{id,jdbcType=INTEGER}
  </select>
  <delete id="deleteByPrimaryKey" parameterType="java.lang.Integer" >
    <!--
      WARNING - @mbggenerated
      This element is automatically generated by MyBatis Generator, do not modify.
      This element was generated on Sat Mar 02 16:41:46 GMT+08:00 2024.
    -->
    delete from reader_card
    where id = #{id,jdbcType=INTEGER}
  </delete>
  <insert id="insert" parameterType="com.library.po.ReaderCard" >
    <!--
      WARNING - @mbggenerated
      This element is automatically generated by MyBatis Generator, do not modify.
      This element was generated on Sat Mar 02 16:41:46 GMT+08:00 2024.
    -->
    insert into reader_card (id, username, password, 
      number, name, sex, 
      birthday, address, tel, 
      email, creat_date, cjr, 
      cardnumber)
    values (#{id,jdbcType=INTEGER}, #{username,jdbcType=VARCHAR}, #{password,jdbcType=VARCHAR}, 
      #{number,jdbcType=INTEGER}, #{name,jdbcType=VARCHAR}, #{sex,jdbcType=VARCHAR}, 
      #{birthday,jdbcType=DATE}, #{address,jdbcType=VARCHAR}, #{tel,jdbcType=VARCHAR}, 
      #{email,jdbcType=VARCHAR}, #{creatDate,jdbcType=TIMESTAMP}, #{cjr,jdbcType=INTEGER}, 
      #{cardnumber,jdbcType=VARCHAR})
  </insert>
  <insert id="insertSelective" parameterType="com.library.po.ReaderCard" >
    <!--
      WARNING - @mbggenerated
      This element is automatically generated by MyBatis Generator, do not modify.
      This element was generated on Sat Mar 02 16:41:46 GMT+08:00 2024.
    -->
    insert into reader_card
    <trim prefix="(" suffix=")" suffixOverrides="," >
      <if test="id != null" >
        id,
      </if>
      <if test="username != null" >
        username,
      </if>
      <if test="password != null" >
        password,
      </if>
      <if test="number != null" >
        number,
      </if>
      <if test="name != null" >
        name,
      </if>
      <if test="sex != null" >
        sex,
      </if>
      <if test="birthday != null" >
        birthday,
      </if>
      <if test="address != null" >
        address,
      </if>
      <if test="tel != null" >
        tel,
      </if>
      <if test="email != null" >
        email,
      </if>
      <if test="creatDate != null" >
        creat_date,
      </if>
      <if test="cjr != null" >
        cjr,
      </if>
      <if test="cardnumber != null" >
        cardnumber,
      </if>
    </trim>
    <trim prefix="values (" suffix=")" suffixOverrides="," >
      <if test="id != null" >
        #{id,jdbcType=INTEGER},
      </if>
      <if test="username != null" >
        #{username,jdbcType=VARCHAR},
      </if>
      <if test="password != null" >
        #{password,jdbcType=VARCHAR},
      </if>
      <if test="number != null" >
        #{number,jdbcType=INTEGER},
      </if>
      <if test="name != null" >
        #{name,jdbcType=VARCHAR},
      </if>
      <if test="sex != null" >
        #{sex,jdbcType=VARCHAR},
      </if>
      <if test="birthday != null" >
        #{birthday,jdbcType=DATE},
      </if>
      <if test="address != null" >
        #{address,jdbcType=VARCHAR},
      </if>
      <if test="tel != null" >
        #{tel,jdbcType=VARCHAR},
      </if>
      <if test="email != null" >
        #{email,jdbcType=VARCHAR},
      </if>
      <if test="creatDate != null" >
        #{creatDate,jdbcType=TIMESTAMP},
      </if>
      <if test="cjr != null" >
        #{cjr,jdbcType=INTEGER},
      </if>
      <if test="cardnumber != null" >
        #{cardnumber,jdbcType=VARCHAR},
      </if>
    </trim>
  </insert>
  <update id="updateByPrimaryKeySelective" parameterType="com.library.po.ReaderCard" >
    <!--
      WARNING - @mbggenerated
      This element is automatically generated by MyBatis Generator, do not modify.
      This element was generated on Sat Mar 02 16:41:46 GMT+08:00 2024.
    -->
    update reader_card
    <set >
      <if test="username != null" >
        username = #{username,jdbcType=VARCHAR},
      </if>
      <if test="password != null" >
        password = #{password,jdbcType=VARCHAR},
      </if>
      <if test="number != null" >
        number = #{number,jdbcType=INTEGER},
      </if>
      <if test="name != null" >
        name = #{name,jdbcType=VARCHAR},
      </if>
      <if test="sex != null" >
        sex = #{sex,jdbcType=VARCHAR},
      </if>
      <if test="birthday != null" >
        birthday = #{birthday,jdbcType=DATE},
      </if>
      <if test="address != null" >
        address = #{address,jdbcType=VARCHAR},
      </if>
      <if test="tel != null" >
        tel = #{tel,jdbcType=VARCHAR},
      </if>
      <if test="email != null" >
        email = #{email,jdbcType=VARCHAR},
      </if>
      <if test="creatDate != null" >
        creat_date = #{creatDate,jdbcType=TIMESTAMP},
      </if>
      <if test="cjr != null" >
        cjr = #{cjr,jdbcType=INTEGER},
      </if>
      <if test="cardnumber != null" >
        cardnumber = #{cardnumber,jdbcType=VARCHAR},
      </if>
    </set>
    where id = #{id,jdbcType=INTEGER}
  </update>
  <update id="updateByPrimaryKey" parameterType="com.library.po.ReaderCard" >
    <!--
      WARNING - @mbggenerated
      This element is automatically generated by MyBatis Generator, do not modify.
      This element was generated on Sat Mar 02 16:41:46 GMT+08:00 2024.
    -->
    update reader_card
    set username = #{username,jdbcType=VARCHAR},
      password = #{password,jdbcType=VARCHAR},
      number = #{number,jdbcType=INTEGER},
      name = #{name,jdbcType=VARCHAR},
      sex = #{sex,jdbcType=VARCHAR},
      birthday = #{birthday,jdbcType=DATE},
      address = #{address,jdbcType=VARCHAR},
      tel = #{tel,jdbcType=VARCHAR},
      email = #{email,jdbcType=VARCHAR},
      creat_date = #{creatDate,jdbcType=TIMESTAMP},
      cjr = #{cjr,jdbcType=INTEGER},
      cardnumber = #{cardnumber,jdbcType=VARCHAR}
    where id = #{id,jdbcType=INTEGER}
  </update>
</mapper>