<?xml version="1.0" encoding="UTF-8"?>
<!DOCTYPE generatorConfiguration PUBLIC "-//mybatis.org//DTD MyBatis Generator Configuration 1.0//EN" "http://mybatis.org/dtd/mybatis-generator-config_1_0.dtd">
<generatorConfiguration>
    <!--  <properties resource="mybatis.properties" />
         -->
    <classPathEntry location="D:\apache-maven-3.6.3-bin\apache-maven-3.6.3\mvn\mysql\mysql-connector-java\8.0.22\mysql-connector-java-8.0.22.jar" />
    <context id="msqlTables" targetRuntime="MyBatis3">
        <plugin type="org.mybatis.generator.plugins.SerializablePlugin"></plugin>
        <jdbcConnection connectionURL="jdbc:mysql://localhost:3306/library?serverTimezone=GMT%2B8"
                        driverClass="com.mysql.cj.jdbc.Driver" password="xyz" userId="root" >

            <property name="nullCatalogMeansCurrent" value="true"/>
        </jdbcConnection>
        <javaTypeResolver>
            <property name="forceBigDecimals" value="false" />
        </javaTypeResolver>
        <javaModelGenerator targetPackage="com.library.po" targetProject="E:\university\senior\Second semester\Project\LibraryManagementSystem\LibraryManagementSystem\src\main\java">
            <property name="enableSubPackages" value="true"/>
            <!-- 从数据库返回的值被清理前后的空格  -->
            <property name="trimStrings" value="true" />
        </javaModelGenerator>

        <sqlMapGenerator targetPackage="com.library.dao" targetProject="E:\university\senior\Second semester\Project\LibraryManagementSystem\LibraryManagementSystem\src\main\resources">
            <property name="enableSubPackages" value="true"/>
        </sqlMapGenerator>

        <javaClientGenerator type="XMLMAPPER" targetPackage="com.library.dao" targetProject="E:\university\senior\Second semester\Project\LibraryManagementSystem\LibraryManagementSystem\src\main\java">
            <property name="enableSubPackages" value="true"/>
        </javaClientGenerator>

        <!--数据库表-->
        <table tableName="admin" domainObjectName="Admin"
                       enableCountByExample="false" enableUpdateByExample="false" enableDeleteByExample="false"
                       enableSelectByExample="false" selectByExampleQueryId="false" >
                    <property name="useActualColumnNames" value="false"/>
                </table>
                <table tableName="book_info" domainObjectName="BookInfo"
                       enableCountByExample="false" enableUpdateByExample="false" enableDeleteByExample="false"
                       enableSelectByExample="false" selectByExampleQueryId="false" >
                    <property name="useActualColumnNames" value="false"/>
                </table>

                <table tableName="lend_list" domainObjectName="LendList"
                       enableCountByExample="false" enableUpdateByExample="false" enableDeleteByExample="false"
                       enableSelectByExample="false" selectByExampleQueryId="false" >
                    <property name="useActualColumnNames" value="false"/>
                </table>

                <table tableName="notice" domainObjectName="Notice"
                       enableCountByExample="false" enableUpdateByExample="false" enableDeleteByExample="false"
                       enableSelectByExample="false" selectByExampleQueryId="false" >
                    <property name="useActualColumnNames" value="false"/>
                </table>

        <table tableName="reader_card" domainObjectName="ReaderCard"
               enableCountByExample="false" enableUpdateByExample="false" enableDeleteByExample="false"
               enableSelectByExample="false" selectByExampleQueryId="false" >
            <property name="useActualColumnNames" value="false"/>
        </table>
        <table tableName="reader_info" domainObjectName="ReaderInfo"
                       enableCountByExample="false" enableUpdateByExample="false" enableDeleteByExample="false"
                       enableSelectByExample="false" selectByExampleQueryId="false" >
                    <property name="useActualColumnNames" value="false"/>
        </table>

    </context>
</generatorConfiguration>