<?xml version="1.0" encoding="UTF-8"?>
<beans xmlns="http://www.springframework.org/schema/beans"
       xmlns:mvc="http://www.springframework.org/schema/mvc"
       xmlns:context="http://www.springframework.org/schema/context"
       xmlns:xsi="http://www.w3.org/2001/XMLSchema-instance"
       xsi:schemaLocation="
http://www.springframework.org/schema/beans
http://www.springframework.org/schema/beans/spring-beans.xsd
http://www.springframework.org/schema/mvc
http://www.springframework.org/schema/mvc/spring-mvc.xsd
http://www.springframework.org/schema/context
http://www.springframework.org/schema/context/spring-context.xsd">
    <!--开启注解扫描-->
    <context:component-scan base-package="com.library.controller">

    </context:component-scan>
    <!--配置视图解析器-->
    <bean id="internalResourceViewResolver" class="org.springframework.web.servlet.view.InternalResourceViewResolver">
        <!--前缀-->
        <property name="prefix" value="/WEB-INF/pages"></property>
        <!--后缀-->
        <property name="suffix" value=".jsp"></property>
    </bean>
    <!--过滤静态资源-->
    <mvc:default-servlet-handler></mvc:default-servlet-handler>
    <!--开启springmvc注解支持-->
    <mvc:annotation-driven/>

</beans>