<?xml version="1.0" encoding="UTF-8" ?>
<!DOCTYPE configuration
        PUBLIC "-//mybatis.org//DTD Config 3.0//EN"
        "http://mybatis.org/dtd/mybatis-3-config.dtd">
<configuration>
    <!--
    别名
    typeAlias：单个定义别名
    package:批量配置别名，使用类名作为别名 ，不区分大小写
    mybtias内置别名：
    -->
    <typeAliases>
        <!--<typeAlias type="com.demo.po.User" alias="user"></typeAlias>-->
        <package name="com.library.po"/>
    </typeAliases>

    <!-- 配置分页内容-->
    <plugins>
        <plugin interceptor="com.github.pagehelper.PageInterceptor">
            <!--使用mysql方言进行分页-->
            <property name="helperDialect" value="mysql"/>
        </plugin>
    </plugins>
</configuration>